{
  "version": "0.4.0",
  "timestamp": "2026-01-10T02:00:27.325Z",
  "node": "v22.21.1",
  "platform": "linux",
  "arch": "x64",
  "results": {
    "benchmarks": [
      {
        "name": "detect:always-pass",
        "group": "ci:detect-api",
        "time": 500000000,
        "samples": 64,
        "warmup": true,
        "warmupTime": 250000000,
        "baseline": false,
        "async": true,
        "stats": {
          "samples": 64,
          "ss": false,
          "latency": {
            "min": 11567364,
            "max": 15355344,
            "p50": 12047012.5,
            "p75": 12311685,
            "p99": 14594854.619999997,
            "p995": 14975099.310000002,
            "avg": 12197269.421875006,
            "vr": 420781799463.1363,
            "sd": 648676.9607926093,
            "moe": 162034.68365818055,
            "rmoe": 1.3284504757071443,
            "aad": 411289.0766601582,
            "mad": 253201.5
          },
          "throughput": {
            "min": 65.12390735108247,
            "max": 86.45011949135517,
            "p50": 83.00814717654728,
            "p75": 84.69774262348912,
            "p99": 86.26915811094224,
            "p995": 86.3596388011487,
            "avg": 82.18780127674947,
            "vr": 15.03982113389229,
            "sd": 3.878120825076533,
            "moe": 0.9687257588301843,
            "rmoe": 1.1786734086828918,
            "aad": 2.6141896800664957,
            "mad": 1.7406583069214463
          }
        }
      },
      {
        "name": "detect:always-fail",
        "group": "ci:detect-api",
        "time": 500000000,
        "samples": 64,
        "warmup": true,
        "warmupTime": 250000000,
        "baseline": false,
        "async": true,
        "stats": {
          "samples": 64,
          "ss": false,
          "latency": {
            "min": 11557008,
            "max": 13879156,
            "p50": 11840863,
            "p75": 12096689,
            "p99": 13759251.88000015,
            "p995": 13819203.940000076,
            "avg": 11973232.093750004,
            "vr": 161563721380.03818,
            "sd": 401949.8990919617,
            "moe": 100404.09738958877,
            "rmoe": 0.8385713782496494,
            "aad": 257878.3671875121,
            "mad": 145336
          },
          "throughput": {
            "min": 72.05049067825162,
            "max": 86.52758568653755,
            "p50": 84.45330587655297,
            "p75": 85.16578299219327,
            "p99": 86.49472923510638,
            "p995": 86.51115746082196,
            "avg": 83.60445666336035,
            "vr": 6.615320054176553,
            "sd": 2.572026448965203,
            "moe": 0.6424730909346926,
            "rmoe": 0.7684675154599222,
            "aad": 1.7323492129247082,
            "mad": 1.0494697469961167
          }
        }
      },
      {
        "name": "detect:with-threshold",
        "group": "ci:detect-api",
        "time": 500000000,
        "samples": 64,
        "warmup": true,
        "warmupTime": 250000000,
        "baseline": false,
        "async": true,
        "stats": {
          "samples": 64,
          "ss": false,
          "latency": {
            "min": 11510158,
            "max": 12954072,
            "p50": 11927821.5,
            "p75": 12178357,
            "p99": 12931925.61,
            "p995": 12942998.805,
            "avg": 11983551.9375,
            "vr": 116691012102.31349,
            "sd": 341600.66174162115,
            "moe": 85329.30643181149,
            "rmoe": 0.7120535453665571,
            "aad": 260416.615234375,
            "mad": 228334.5
          },
          "throughput": {
            "min": 77.19580375962092,
            "max": 86.8797804513196,
            "p50": 83.83763779717566,
            "p75": 85.34987377699255,
            "p99": 86.86790904099541,
            "p995": 86.87384474615752,
            "avg": 83.51290955749683,
            "vr": 5.40591282006623,
            "sd": 2.325061895964542,
            "moe": 0.580783181104459,
            "rmoe": 0.6954412008656008,
            "aad": 1.7899100062454418,
            "mad": 1.6037075467824309
          }
        }
      },
      {
        "name": "isFlaky:always-pass",
        "group": "ci:isflaky-api",
        "time": 500000000,
        "samples": 64,
        "warmup": true,
        "warmupTime": 250000000,
        "baseline": false,
        "async": true,
        "stats": {
          "samples": 64,
          "ss": false,
          "latency": {
            "min": 11429408,
            "max": 13811362,
            "p50": 11820931.5,
            "p75": 11985381.5,
            "p99": 13574475.069999998,
            "p995": 13692918.535,
            "avg": 11948762.187499985,
            "vr": 172883021057.1679,
            "sd": 415792.04063710495,
            "moe": 103861.7614689149,
            "rmoe": 0.8692261159701404,
            "aad": 264056.0703124795,
            "mad": 129197.00000023842
          },
          "throughput": {
            "min": 72.40415536136118,
            "max": 87.49359546881168,
            "p50": 84.59578047807842,
            "p75": 85.25751371492396,
            "p99": 87.01527781697605,
            "p995": 87.25443664289386,
            "avg": 83.78254558883364,
            "vr": 7.216696932841307,
            "sd": 2.686391061041059,
            "moe": 0.6710405210415967,
            "rmoe": 0.8009311680916885,
            "aad": 1.7676930376430033,
            "mad": 0.9275253156974514
          }
        }
      },
      {
        "name": "isFlaky:always-fail",
        "group": "ci:isflaky-api",
        "time": 500000000,
        "samples": 64,
        "warmup": true,
        "warmupTime": 250000000,
        "baseline": false,
        "async": true,
        "stats": {
          "samples": 64,
          "ss": false,
          "latency": {
            "min": 11504067,
            "max": 15845837,
            "p50": 11872929,
            "p75": 12152596,
            "p99": 14776197.799999995,
            "p995": 15311017.400000004,
            "avg": 12050741.578125,
            "vr": 452413482233.7079,
            "sd": 672616.8911302391,
            "moe": 168014.70032829154,
            "rmoe": 1.3942270626172808,
            "aad": 382302.52685546875,
            "mad": 211091.5
          },
          "throughput": {
            "min": 63.10805797131449,
            "max": 86.92578024797665,
            "p50": 84.22521519332875,
            "p75": 85.40326964644277,
            "p99": 86.81502694146639,
            "p995": 86.87040359472151,
            "avg": 83.19722161677541,
            "vr": 15.449311131947642,
            "sd": 3.930561172650496,
            "moe": 0.9818249679028938,
            "rmoe": 1.180117495299776,
            "aad": 2.437564662422669,
            "mad": 1.5163045107339528
          }
        }
      },
      {
        "name": "isFlaky:with-threshold",
        "group": "ci:isflaky-api",
        "time": 500000000,
        "samples": 64,
        "warmup": true,
        "warmupTime": 250000000,
        "baseline": false,
        "async": true,
        "stats": {
          "samples": 64,
          "ss": false,
          "latency": {
            "min": 11386850,
            "max": 13336827,
            "p50": 11680478.5,
            "p75": 11881406.25,
            "p99": 12749098.109999998,
            "p995": 13042962.555000002,
            "avg": 11772762.84375,
            "vr": 109183363448.89583,
            "sd": 330429.05963140685,
            "moe": 82538.72325513785,
            "rmoe": 0.7010990058205117,
            "aad": 241488.6123046875,
            "mad": 161053.5
          },
          "throughput": {
            "min": 74.98035327293366,
            "max": 87.82060007816034,
            "p50": 85.61293124140792,
            "p75": 86.48937921775071,
            "p99": 87.79209818724466,
            "p995": 87.8063491327025,
            "avg": 85.00448192827146,